"Category","Fossil Fuels","Electricity","Renewables (direct use)"
2018,118,0.0648,0.0524
2025,114,0.046,0
2030,110,0.875,0
2035,98.9,4.57,0
2040,58.2,16.2,0
2045,33.5,25.5,0
2050,11.9,34.1,0
2055,0.00000858,39.7,0
2060,0.0000126,41.2,0